control,log_index,event,sequence,batches,records,encoded_bytes,phase
debt-1,96,APPEND,46,1,3,4667,initial
debt-1,97,RETIRE,46,0,0,0,initial
debt-1,98,APPEND,47,1,3,4667,initial
debt-1,99,RETIRE,47,0,0,0,initial
debt-1,100,APPEND,48,1,3,4667,initial
debt-1,101,RETIRE,48,0,0,0,initial
debt-1,102,APPEND,49,1,3,4667,initial
debt-1,103,RETIRE,49,0,0,0,initial
debt-1,104,APPEND,50,1,3,4667,initial
debt-1,105,RETIRE,50,0,0,0,initial
debt-1,106,APPEND,51,1,3,4667,initial
debt-1,107,RETIRE,51,0,0,0,initial
debt-1,108,APPEND,52,1,3,4667,initial
debt-1,109,RETIRE,52,0,0,0,initial
debt-1,110,APPEND,53,1,3,4667,initial
debt-1,111,RETIRE,53,0,0,0,initial
debt-1,112,APPEND,54,1,3,4667,initial
debt-1,113,RETIRE,54,0,0,0,initial
debt-1,114,APPEND,55,1,3,4667,initial
debt-1,115,RETIRE,55,0,0,0,initial
debt-1,116,APPEND,56,1,3,4667,initial
debt-1,117,RETIRE,56,0,0,0,initial
debt-1,118,APPEND,57,1,3,4667,initial
debt-1,119,RETIRE,57,0,0,0,initial
debt-1,120,APPEND,58,1,3,4667,initial
debt-1,121,RETIRE,58,0,0,0,initial
debt-1,122,APPEND,59,1,3,4667,initial
debt-1,123,RETIRE,59,0,0,0,initial
debt-1,124,APPEND,60,1,1,5739,initial
debt-1,125,RETIRE,60,0,0,0,initial
debt-1,126,APPEND,61,1,2,4501,initial
debt-1,127,RETIRE,61,0,0,0,initial
debt-1,128,APPEND,62,1,1,5739,initial
debt-1,129,RETIRE,62,0,0,0,initial
debt-1,130,APPEND,63,1,2,4501,initial
debt-1,131,RETIRE,63,0,0,0,initial
debt-1,132,APPEND,64,1,1,5739,initial
debt-1,133,RETIRE,64,0,0,0,initial
debt-1,134,APPEND,65,1,2,4501,initial
debt-1,135,RETIRE,65,0,0,0,initial
debt-1,136,APPEND,66,1,1,5739,initial
debt-1,137,RETIRE,66,0,0,0,initial
debt-1,138,APPEND,67,1,2,4501,initial
debt-1,139,RETIRE,67,0,0,0,initial
debt-1,140,APPEND,68,1,1,5739,initial
debt-1,141,RETIRE,68,0,0,0,initial
debt-1,142,APPEND,69,1,2,4501,initial
debt-1,143,RETIRE,69,0,0,0,initial
debt-1,144,APPEND,70,1,1,5739,initial
debt-1,145,RETIRE,70,0,0,0,initial
debt-1,146,APPEND,71,1,2,4501,initial
debt-1,147,RETIRE,71,0,0,0,initial
debt-1,148,APPEND,72,1,1,5739,initial
debt-1,149,RETIRE,72,0,0,0,initial
debt-1,150,APPEND,73,1,2,4501,initial
debt-1,151,RETIRE,73,0,0,0,initial
debt-1,152,APPEND,74,1,1,5739,initial
debt-1,153,RETIRE,74,0,0,0,scheduled
debt-1,154,APPEND,75,1,2,4708,scheduled
debt-1,155,APPEND,76,2,3,10481,scheduled
debt-1,156,APPEND,77,3,4,16254,scheduled
debt-1,157,APPEND,78,4,5,22027,scheduled
debt-1,158,APPEND,79,5,6,27800,scheduled
debt-1,159,APPEND,80,6,7,33573,scheduled
debt-1,160,APPEND,81,7,8,39346,scheduled
debt-1,161,APPEND,82,8,9,45119,scheduled
debt-1,162,RETIRE,75,7,7,40411,scheduled
debt-1,163,RETIRE,76,6,6,34638,scheduled
debt-1,164,APPEND,83,7,8,39132,scheduled
debt-1,165,APPEND,84,8,10,43626,scheduled
debt-1,166,APPEND,85,9,12,48120,scheduled
debt-1,167,APPEND,86,10,14,52614,scheduled
debt-1,168,APPEND,87,11,16,57108,scheduled
debt-1,169,APPEND,88,12,18,61602,scheduled
debt-1,170,APPEND,89,13,20,66096,scheduled
debt-1,171,APPEND,90,14,21,71828,scheduled
debt-1,172,RETIRE,77,13,20,66055,scheduled
debt-1,173,RETIRE,78,12,19,60282,scheduled
debt-1,174,RETIRE,79,11,18,54509,scheduled
debt-1,175,RETIRE,80,10,17,48736,scheduled
debt-1,176,RETIRE,81,9,16,42963,scheduled
debt-1,177,APPEND,91,10,17,48736,scheduled
debt-1,178,APPEND,92,11,18,54509,scheduled
debt-1,179,APPEND,93,12,20,59217,scheduled
debt-1,180,APPEND,94,13,21,64990,scheduled
debt-1,181,APPEND,95,14,22,70763,scheduled
debt-1,182,APPEND,96,15,23,76536,scheduled
debt-1,183,APPEND,97,16,24,82309,scheduled
debt-1,184,APPEND,98,17,25,88082,scheduled
debt-1,185,RETIRE,82,16,24,82309,scheduled
debt-1,186,RETIRE,83,15,22,77815,scheduled
debt-1,187,APPEND,99,16,24,82309,scheduled
debt-1,188,APPEND,100,17,26,86803,scheduled
debt-1,189,APPEND,101,18,28,91297,scheduled
debt-1,190,APPEND,102,19,29,97029,scheduled
debt-1,191,APPEND,103,20,31,101523,scheduled
debt-1,192,APPEND,104,21,33,106017,scheduled
debt-1,193,RETIRE,84,20,31,101523,scheduled
debt-1,194,APPEND,105,21,33,106017,scheduled
debt-1,195,APPEND,106,22,35,110511,scheduled
debt-1,196,RETIRE,85,21,33,106017,scheduled
debt-1,197,RETIRE,86,20,31,101523,scheduled
debt-1,198,APPEND,107,21,32,107296,scheduled
debt-1,199,APPEND,108,22,33,113069,scheduled
debt-1,200,APPEND,109,23,34,118842,scheduled
debt-1,201,APPEND,110,24,36,123550,scheduled
debt-1,202,APPEND,111,25,37,129323,scheduled
debt-1,203,APPEND,112,26,38,135096,scheduled
debt-1,204,APPEND,113,27,39,140869,scheduled
debt-1,205,APPEND,114,28,40,146642,scheduled
debt-1,206,RETIRE,87,27,38,142148,scheduled
debt-1,207,RETIRE,88,26,36,137654,scheduled
debt-1,208,APPEND,115,27,37,143386,scheduled
debt-1,209,APPEND,116,28,39,147880,scheduled
debt-1,210,APPEND,117,29,41,152374,scheduled
debt-1,211,APPEND,118,30,43,156868,scheduled
debt-1,212,APPEND,119,31,45,161362,scheduled
debt-1,213,APPEND,120,32,47,165856,scheduled
debt-1,214,APPEND,121,33,49,170350,scheduled
debt-1,215,APPEND,122,34,51,174844,scheduled
debt-1,216,RETIRE,89,33,49,170350,scheduled
debt-1,217,RETIRE,90,32,48,164618,scheduled
debt-1,218,RETIRE,91,31,47,158845,scheduled
debt-1,219,APPEND,123,32,48,164618,scheduled
debt-1,220,APPEND,124,33,49,170391,scheduled
debt-1,221,APPEND,125,34,50,176164,scheduled
debt-1,222,APPEND,126,35,51,181937,scheduled
debt-1,223,APPEND,127,36,52,187710,scheduled
debt-1,224,APPEND,128,37,54,192418,scheduled
debt-1,225,APPEND,129,38,55,198191,scheduled
debt-1,226,APPEND,130,39,56,203964,scheduled
debt-1,227,RETIRE,92,38,55,198191,scheduled
debt-1,228,RETIRE,93,37,53,193483,scheduled
debt-1,229,APPEND,131,38,55,197977,scheduled
debt-1,230,APPEND,132,39,57,202471,scheduled
debt-1,231,APPEND,133,40,59,206965,scheduled
debt-1,232,APPEND,134,41,61,211459,scheduled
debt-1,233,APPEND,135,42,63,215953,scheduled
debt-1,234,RETIRE,94,41,62,210180,scheduled
debt-1,235,APPEND,136,42,64,214674,scheduled
debt-1,236,APPEND,137,43,66,219168,scheduled
debt-1,237,APPEND,138,44,67,224900,scheduled
debt-1,238,RETIRE,95,43,66,219127,scheduled
debt-1,239,RETIRE,96,42,65,213354,scheduled
debt-1,240,RETIRE,97,41,64,207581,scheduled
debt-1,241,RETIRE,98,40,63,201808,scheduled
debt-1,242,RETIRE,99,39,61,197314,scheduled
debt-1,243,APPEND,139,40,62,203087,scheduled
debt-1,244,APPEND,140,41,63,208860,scheduled
debt-1,245,APPEND,141,42,64,214633,scheduled
debt-1,246,APPEND,142,43,65,220406,scheduled
debt-1,247,APPEND,143,44,66,226179,scheduled
debt-1,248,APPEND,144,45,67,231952,scheduled
debt-1,249,APPEND,145,46,68,237725,scheduled
debt-1,250,APPEND,146,47,70,242433,scheduled
debt-1,251,RETIRE,100,46,68,237939,scheduled
debt-1,252,RETIRE,101,45,66,233445,scheduled
debt-1,253,APPEND,147,46,68,237940,scheduled
debt-1,254,APPEND,148,47,70,242435,scheduled
debt-1,255,APPEND,149,48,72,246930,scheduled
debt-1,256,APPEND,150,49,74,251425,scheduled
debt-1,257,APPEND,151,50,76,255920,scheduled
debt-1,258,APPEND,152,51,78,260415,scheduled
debt-1,259,APPEND,153,52,79,266148,scheduled
debt-1,260,APPEND,154,53,81,270643,scheduled
debt-1,261,RETIRE,102,52,80,264911,scheduled
debt-1,262,RETIRE,103,51,78,260417,scheduled
debt-1,263,RETIRE,104,50,76,255923,scheduled
debt-1,264,APPEND,155,51,77,261697,scheduled
debt-1,265,APPEND,156,52,78,267471,scheduled
debt-1,266,APPEND,157,53,79,273245,scheduled
debt-1,267,APPEND,158,54,80,279019,scheduled
debt-1,268,APPEND,159,55,82,283728,scheduled
debt-1,269,APPEND,160,56,83,289502,scheduled
debt-1,270,APPEND,161,57,84,295276,scheduled
debt-1,271,APPEND,162,58,85,301050,scheduled
debt-1,272,RETIRE,105,57,83,296556,scheduled
debt-1,273,RETIRE,106,56,81,292062,scheduled
debt-1,274,APPEND,163,57,83,296557,scheduled
debt-1,275,APPEND,164,58,85,301052,scheduled
debt-1,276,APPEND,165,59,87,305547,scheduled
debt-1,277,APPEND,166,60,89,310042,scheduled
debt-1,278,APPEND,167,61,90,315775,scheduled
debt-1,279,APPEND,168,62,92,320270,scheduled
debt-1,280,APPEND,169,63,94,324765,scheduled
debt-1,281,APPEND,170,64,96,329260,scheduled
debt-1,282,RETIRE,107,63,95,323487,scheduled
debt-1,283,RETIRE,108,62,94,317714,scheduled
debt-1,284,RETIRE,109,61,93,311941,scheduled
debt-1,285,RETIRE,110,60,91,307233,scheduled
debt-1,286,APPEND,171,61,92,313007,scheduled
debt-1,287,APPEND,172,62,93,318781,scheduled
debt-1,288,APPEND,173,63,95,323490,scheduled
debt-1,289,APPEND,174,64,96,329264,scheduled
debt-1,290,RETIRE,111,63,95,323491,scheduled
debt-1,291,RETIRE,112,62,94,317718,recovery_and_exact_requests
debt-1,292,RETIRE,113,61,93,311945,recovery_and_exact_requests
debt-1,293,RETIRE,114,60,92,306172,recovery_and_exact_requests
debt-1,294,RETIRE,115,59,91,300440,recovery_and_exact_requests
debt-1,295,RETIRE,116,58,89,295946,recovery_and_exact_requests
debt-1,296,RETIRE,117,57,87,291452,recovery_and_exact_requests
debt-1,297,RETIRE,118,56,85,286958,recovery_and_exact_requests
debt-1,298,RETIRE,119,55,83,282464,recovery_and_exact_requests
debt-1,299,RETIRE,120,54,81,277970,recovery_and_exact_requests
debt-1,300,RETIRE,121,53,79,273476,recovery_and_exact_requests
debt-1,301,RETIRE,122,52,77,268982,recovery_and_exact_requests
debt-1,302,RETIRE,123,51,76,263209,recovery_and_exact_requests
debt-1,303,RETIRE,124,50,75,257436,recovery_and_exact_requests
debt-1,304,RETIRE,125,49,74,251663,recovery_and_exact_requests
debt-1,305,RETIRE,126,48,73,245890,recovery_and_exact_requests
debt-1,306,RETIRE,127,47,72,240117,recovery_and_exact_requests
debt-1,307,RETIRE,128,46,70,235409,recovery_and_exact_requests
debt-1,308,RETIRE,129,45,69,229636,recovery_and_exact_requests
debt-1,309,RETIRE,130,44,68,223863,recovery_and_exact_requests
debt-1,310,RETIRE,131,43,66,219369,recovery_and_exact_requests
debt-1,311,RETIRE,132,42,64,214875,recovery_and_exact_requests
debt-1,312,APPEND,175,43,66,219584,recovery_and_exact_requests
debt-1,313,RETIRE,133,42,64,215090,recovery_and_exact_requests
debt-1,314,APPEND,176,43,66,219799,recovery_and_exact_requests
debt-1,315,RETIRE,134,42,64,215305,recovery_and_exact_requests
debt-1,316,APPEND,177,43,66,220014,recovery_and_exact_requests
debt-1,317,RETIRE,135,42,64,215520,recovery_and_exact_requests
debt-1,318,RETIRE,136,41,62,211026,recovery_and_exact_requests
debt-1,319,RETIRE,137,40,60,206532,recovery_and_exact_requests
debt-1,320,RETIRE,138,39,59,200800,recovery_and_exact_requests
debt-1,321,RETIRE,139,38,58,195027,recovery_and_exact_requests
debt-1,322,RETIRE,140,37,57,189254,recovery_and_exact_requests
debt-1,323,RETIRE,141,36,56,183481,recovery_and_exact_requests
debt-1,324,RETIRE,142,35,55,177708,recovery_and_exact_requests
debt-1,325,RETIRE,143,34,54,171935,recovery_and_exact_requests
debt-1,326,RETIRE,144,33,53,166162,recovery_and_exact_requests
debt-1,327,RETIRE,145,32,52,160389,recovery_and_exact_requests
debt-1,328,RETIRE,146,31,50,155681,recovery_and_exact_requests
debt-1,329,RETIRE,147,30,48,151186,recovery_and_exact_requests
debt-1,330,RETIRE,148,29,46,146691,recovery_and_exact_requests
debt-1,331,RETIRE,149,28,44,142196,recovery_and_exact_requests
debt-1,332,RETIRE,150,27,42,137701,recovery_and_exact_requests
debt-1,333,RETIRE,151,26,40,133206,recovery_and_exact_requests
debt-1,334,RETIRE,152,25,38,128711,recovery_and_exact_requests
debt-1,335,RETIRE,153,24,37,122978,recovery_and_exact_requests
debt-1,336,RETIRE,154,23,35,118483,recovery_and_exact_requests
debt-1,337,RETIRE,155,22,34,112709,recovery_and_exact_requests
debt-1,338,RETIRE,156,21,33,106935,recovery_and_exact_requests
debt-1,339,RETIRE,157,20,32,101161,recovery_and_exact_requests
debt-1,340,APPEND,178,21,33,106935,recovery_and_exact_requests
debt-1,341,APPEND,179,22,34,112709,recovery_and_exact_requests
debt-1,342,RETIRE,158,21,33,106935,recovery_and_exact_requests
debt-1,343,APPEND,180,22,34,112709,recovery_and_exact_requests
debt-1,344,APPEND,181,23,35,118483,recovery_and_exact_requests
debt-1,345,APPEND,182,24,36,124216,recovery_and_exact_requests
debt-1,346,APPEND,183,25,37,129949,recovery_and_exact_requests
debt-1,347,RETIRE,159,24,35,125240,recovery_and_exact_requests
debt-1,348,APPEND,184,25,36,130973,recovery_and_exact_requests
debt-1,349,APPEND,185,26,37,136706,recovery_and_exact_requests
debt-1,350,APPEND,186,27,38,142439,recovery_and_exact_requests
debt-1,351,APPEND,187,28,39,148172,recovery_and_exact_requests
debt-1,352,RETIRE,160,27,38,142398,recovery_and_exact_requests
debt-1,353,APPEND,188,28,39,148131,recovery_and_exact_requests
debt-1,354,APPEND,189,29,40,153864,recovery_and_exact_requests
debt-1,355,RETIRE,161,28,39,148090,recovery_and_exact_requests
debt-1,356,RETIRE,162,27,38,142316,recovery_and_exact_requests
debt-8,96,APPEND,46,1,3,4667,initial
debt-8,97,RETIRE,46,0,0,0,initial
debt-8,98,APPEND,47,1,3,4667,initial
debt-8,99,RETIRE,47,0,0,0,initial
debt-8,100,APPEND,48,1,3,4667,initial
debt-8,101,RETIRE,48,0,0,0,initial
debt-8,102,APPEND,49,1,3,4667,initial
debt-8,103,RETIRE,49,0,0,0,initial
debt-8,104,APPEND,50,1,3,4667,initial
debt-8,105,RETIRE,50,0,0,0,initial
debt-8,106,APPEND,51,1,3,4667,initial
debt-8,107,RETIRE,51,0,0,0,initial
debt-8,108,APPEND,52,1,3,4667,initial
debt-8,109,RETIRE,52,0,0,0,initial
debt-8,110,APPEND,53,1,3,4667,initial
debt-8,111,RETIRE,53,0,0,0,initial
debt-8,112,APPEND,54,1,3,4667,initial
debt-8,113,RETIRE,54,0,0,0,initial
debt-8,114,APPEND,55,1,3,4667,initial
debt-8,115,RETIRE,55,0,0,0,initial
debt-8,116,APPEND,56,1,3,4667,initial
debt-8,117,RETIRE,56,0,0,0,initial
debt-8,118,APPEND,57,1,3,4667,initial
debt-8,119,RETIRE,57,0,0,0,initial
debt-8,120,APPEND,58,1,3,4667,initial
debt-8,121,RETIRE,58,0,0,0,initial
debt-8,122,APPEND,59,1,3,4667,initial
debt-8,123,RETIRE,59,0,0,0,initial
debt-8,124,APPEND,60,1,1,5739,initial
debt-8,125,RETIRE,60,0,0,0,initial
debt-8,126,APPEND,61,1,2,4501,initial
debt-8,127,RETIRE,61,0,0,0,initial
debt-8,128,APPEND,62,1,1,5739,initial
debt-8,129,RETIRE,62,0,0,0,initial
debt-8,130,APPEND,63,1,2,4501,initial
debt-8,131,RETIRE,63,0,0,0,initial
debt-8,132,APPEND,64,1,1,5739,initial
debt-8,133,RETIRE,64,0,0,0,initial
debt-8,134,APPEND,65,1,2,4501,initial
debt-8,135,RETIRE,65,0,0,0,initial
debt-8,136,APPEND,66,1,1,5739,initial
debt-8,137,RETIRE,66,0,0,0,initial
debt-8,138,APPEND,67,1,2,4501,initial
debt-8,139,RETIRE,67,0,0,0,initial
debt-8,140,APPEND,68,1,1,5739,initial
debt-8,141,RETIRE,68,0,0,0,initial
debt-8,142,APPEND,69,1,2,4501,initial
debt-8,143,RETIRE,69,0,0,0,initial
debt-8,144,APPEND,70,1,1,5739,initial
debt-8,145,RETIRE,70,0,0,0,initial
debt-8,146,APPEND,71,1,2,4501,initial
debt-8,147,RETIRE,71,0,0,0,initial
debt-8,148,APPEND,72,1,1,5739,initial
debt-8,149,RETIRE,72,0,0,0,initial
debt-8,150,APPEND,73,1,2,4501,initial
debt-8,151,RETIRE,73,0,0,0,initial
debt-8,152,APPEND,74,1,1,5739,initial
debt-8,153,RETIRE,74,0,0,0,scheduled
debt-8,154,APPEND,75,1,2,4501,scheduled
debt-8,155,RETIRE,75,0,0,0,scheduled
debt-8,156,APPEND,76,1,1,5773,scheduled
debt-8,157,APPEND,77,2,2,11546,scheduled
debt-8,158,APPEND,78,3,3,17319,scheduled
debt-8,159,APPEND,79,4,4,23092,scheduled
debt-8,160,APPEND,80,5,5,28865,scheduled
debt-8,161,APPEND,81,6,6,34638,scheduled
debt-8,162,APPEND,82,7,7,40411,scheduled
debt-8,163,APPEND,83,8,8,46184,scheduled
debt-8,164,RETIRE,76,7,7,40411,scheduled
debt-8,165,RETIRE,77,6,6,34638,scheduled
debt-8,166,RETIRE,78,5,5,28865,scheduled
debt-8,167,RETIRE,79,4,4,23092,scheduled
debt-8,168,RETIRE,80,3,3,17319,scheduled
debt-8,169,RETIRE,81,2,2,11546,scheduled
debt-8,170,RETIRE,82,1,1,5773,scheduled
debt-8,171,RETIRE,83,0,0,0,scheduled
debt-8,172,APPEND,84,1,2,4708,scheduled
debt-8,173,RETIRE,84,0,0,0,scheduled
debt-8,174,APPEND,85,1,2,4708,scheduled
debt-8,175,RETIRE,85,0,0,0,scheduled
debt-8,176,APPEND,86,1,2,4708,scheduled
debt-8,177,RETIRE,86,0,0,0,scheduled
debt-8,178,APPEND,87,1,2,4494,scheduled
debt-8,179,APPEND,88,2,4,9202,scheduled
debt-8,180,APPEND,89,3,5,14934,scheduled
debt-8,181,APPEND,90,4,7,19428,scheduled
debt-8,182,APPEND,91,5,8,25160,scheduled
debt-8,183,APPEND,92,6,10,29654,scheduled
debt-8,184,APPEND,93,7,12,34148,scheduled
debt-8,185,APPEND,94,8,13,39880,scheduled
debt-8,186,APPEND,95,9,14,45612,scheduled
debt-8,187,RETIRE,87,8,12,41118,scheduled
debt-8,188,RETIRE,88,7,10,36410,scheduled
debt-8,189,RETIRE,89,6,9,30678,scheduled
debt-8,190,RETIRE,90,5,7,26184,scheduled
debt-8,191,RETIRE,91,4,6,20452,scheduled
debt-8,192,RETIRE,92,3,4,15958,scheduled
debt-8,193,RETIRE,93,2,2,11464,scheduled
debt-8,194,RETIRE,94,1,1,5732,scheduled
debt-8,195,RETIRE,95,0,0,0,scheduled
debt-8,196,APPEND,96,1,2,4494,scheduled
debt-8,197,RETIRE,96,0,0,0,scheduled
debt-8,198,APPEND,97,1,2,4494,scheduled
debt-8,199,RETIRE,97,0,0,0,scheduled
debt-8,200,APPEND,98,1,2,4494,scheduled
debt-8,201,RETIRE,98,0,0,0,scheduled
debt-8,202,APPEND,99,1,1,5773,scheduled
debt-8,203,APPEND,100,2,3,10267,scheduled
debt-8,204,APPEND,101,3,4,16040,scheduled
debt-8,205,APPEND,102,4,5,21813,scheduled
debt-8,206,APPEND,103,5,6,27586,scheduled
debt-8,207,APPEND,104,6,7,33359,scheduled
debt-8,208,APPEND,105,7,8,39132,scheduled
debt-8,209,APPEND,106,8,9,44905,scheduled
debt-8,210,APPEND,107,9,10,50678,scheduled
debt-8,211,RETIRE,99,8,9,44905,scheduled
debt-8,212,RETIRE,100,7,7,40411,scheduled
debt-8,213,RETIRE,101,6,6,34638,scheduled
debt-8,214,RETIRE,102,5,5,28865,scheduled
debt-8,215,RETIRE,103,4,4,23092,scheduled
debt-8,216,RETIRE,104,3,3,17319,scheduled
debt-8,217,RETIRE,105,2,2,11546,scheduled
debt-8,218,RETIRE,106,1,1,5773,scheduled
debt-8,219,RETIRE,107,0,0,0,scheduled
debt-8,220,APPEND,108,1,2,4708,scheduled
debt-8,221,RETIRE,108,0,0,0,scheduled
debt-8,222,APPEND,109,1,2,4708,scheduled
debt-8,223,RETIRE,109,0,0,0,scheduled
debt-8,224,APPEND,110,1,2,4708,scheduled
debt-8,225,RETIRE,110,0,0,0,scheduled
debt-8,226,APPEND,111,1,2,4494,scheduled
debt-8,227,APPEND,112,2,4,9202,scheduled
debt-8,228,APPEND,113,3,5,14934,scheduled
debt-8,229,APPEND,114,4,7,19428,scheduled
debt-8,230,APPEND,115,5,8,25160,scheduled
debt-8,231,APPEND,116,6,10,29654,scheduled
debt-8,232,APPEND,117,7,12,34148,scheduled
debt-8,233,APPEND,118,8,13,39880,scheduled
debt-8,234,APPEND,119,9,14,45612,scheduled
debt-8,235,RETIRE,111,8,12,41118,scheduled
debt-8,236,RETIRE,112,7,10,36410,scheduled
debt-8,237,RETIRE,113,6,9,30678,scheduled
debt-8,238,RETIRE,114,5,7,26184,scheduled
debt-8,239,RETIRE,115,4,6,20452,scheduled
debt-8,240,RETIRE,116,3,4,15958,scheduled
debt-8,241,RETIRE,117,2,2,11464,scheduled
debt-8,242,RETIRE,118,1,1,5732,scheduled
debt-8,243,RETIRE,119,0,0,0,scheduled
debt-8,244,APPEND,120,1,2,4494,scheduled
debt-8,245,RETIRE,120,0,0,0,scheduled
debt-8,246,APPEND,121,1,2,4494,scheduled
debt-8,247,RETIRE,121,0,0,0,scheduled
debt-8,248,APPEND,122,1,2,4494,scheduled
debt-8,249,RETIRE,122,0,0,0,scheduled
debt-8,250,APPEND,123,1,1,5773,scheduled
debt-8,251,APPEND,124,2,3,10267,scheduled
debt-8,252,APPEND,125,3,4,16040,scheduled
debt-8,253,APPEND,126,4,5,21813,scheduled
debt-8,254,APPEND,127,5,6,27586,scheduled
debt-8,255,APPEND,128,6,7,33359,scheduled
debt-8,256,APPEND,129,7,8,39132,scheduled
debt-8,257,APPEND,130,8,9,44905,scheduled
debt-8,258,APPEND,131,9,10,50678,scheduled
debt-8,259,RETIRE,123,8,9,44905,scheduled
debt-8,260,RETIRE,124,7,7,40411,scheduled
debt-8,261,RETIRE,125,6,6,34638,scheduled
debt-8,262,RETIRE,126,5,5,28865,scheduled
debt-8,263,RETIRE,127,4,4,23092,scheduled
debt-8,264,RETIRE,128,3,3,17319,scheduled
debt-8,265,RETIRE,129,2,2,11546,scheduled
debt-8,266,RETIRE,130,1,1,5773,scheduled
debt-8,267,RETIRE,131,0,0,0,scheduled
debt-8,268,APPEND,132,1,2,4708,scheduled
debt-8,269,RETIRE,132,0,0,0,scheduled
debt-8,270,APPEND,133,1,2,4708,scheduled
debt-8,271,RETIRE,133,0,0,0,scheduled
debt-8,272,APPEND,134,1,2,4708,scheduled
debt-8,273,RETIRE,134,0,0,0,scheduled
debt-8,274,APPEND,135,1,2,4494,scheduled
debt-8,275,APPEND,136,2,4,9202,scheduled
debt-8,276,APPEND,137,3,5,14934,scheduled
debt-8,277,APPEND,138,4,6,20666,scheduled
debt-8,278,APPEND,139,5,8,25160,scheduled
debt-8,279,APPEND,140,6,10,29654,scheduled
debt-8,280,APPEND,141,7,11,35386,scheduled
debt-8,281,APPEND,142,8,13,39880,scheduled
debt-8,282,APPEND,143,9,14,45612,scheduled
debt-8,283,RETIRE,135,8,12,41118,scheduled
debt-8,284,RETIRE,136,7,10,36410,scheduled
debt-8,285,RETIRE,137,6,9,30678,scheduled
debt-8,286,RETIRE,138,5,8,24946,scheduled
debt-8,287,RETIRE,139,4,6,20452,scheduled
debt-8,288,RETIRE,140,3,4,15958,scheduled
debt-8,289,RETIRE,141,2,3,10226,scheduled
debt-8,290,RETIRE,142,1,1,5732,scheduled
debt-8,291,RETIRE,143,0,0,0,scheduled
debt-8,292,APPEND,144,1,2,4494,scheduled
debt-8,293,RETIRE,144,0,0,0,scheduled
debt-8,294,APPEND,145,1,2,4494,scheduled
debt-8,295,RETIRE,145,0,0,0,scheduled
debt-8,296,APPEND,146,1,2,4494,scheduled
debt-8,297,RETIRE,146,0,0,0,scheduled
debt-8,298,APPEND,147,1,2,4708,scheduled
debt-8,299,APPEND,148,2,3,10481,scheduled
debt-8,300,APPEND,149,3,4,16254,scheduled
debt-8,301,APPEND,150,4,5,22027,scheduled
debt-8,302,APPEND,151,5,6,27800,scheduled
debt-8,303,APPEND,152,6,7,33573,scheduled
debt-8,304,APPEND,153,7,8,39346,scheduled
debt-8,305,APPEND,154,8,9,45119,scheduled
debt-8,306,RETIRE,147,7,7,40411,scheduled
debt-8,307,RETIRE,148,6,6,34638,scheduled
debt-8,308,RETIRE,149,5,5,28865,scheduled
debt-8,309,RETIRE,150,4,4,23092,scheduled
debt-8,310,RETIRE,151,3,3,17319,scheduled
debt-8,311,RETIRE,152,2,2,11546,scheduled
debt-8,312,RETIRE,153,1,1,5773,scheduled
debt-8,313,RETIRE,154,0,0,0,scheduled
debt-8,314,APPEND,155,1,2,4708,scheduled
debt-8,315,RETIRE,155,0,0,0,scheduled
debt-8,316,APPEND,156,1,2,4708,scheduled
debt-8,317,RETIRE,156,0,0,0,scheduled
debt-8,318,APPEND,157,1,2,4708,scheduled
debt-8,319,RETIRE,157,0,0,0,scheduled
debt-8,320,APPEND,158,1,1,5732,scheduled
debt-8,321,APPEND,159,2,3,10440,scheduled
debt-8,322,APPEND,160,3,4,16172,scheduled
debt-8,323,APPEND,161,4,5,21904,scheduled
debt-8,324,APPEND,162,5,7,26398,scheduled
debt-8,325,APPEND,163,6,8,32130,scheduled
debt-8,326,APPEND,164,7,10,36624,scheduled
debt-8,327,APPEND,165,8,11,42356,scheduled
debt-8,328,APPEND,166,9,13,46850,scheduled
debt-8,329,RETIRE,158,8,12,41118,scheduled
debt-8,330,RETIRE,159,7,10,36410,scheduled
debt-8,331,RETIRE,160,6,9,30678,scheduled
debt-8,332,RETIRE,161,5,8,24946,scheduled
debt-8,333,RETIRE,162,4,6,20452,scheduled
debt-8,334,RETIRE,163,3,5,14720,scheduled
debt-8,335,RETIRE,164,2,3,10226,scheduled
debt-8,336,RETIRE,165,1,2,4494,scheduled
debt-8,337,RETIRE,166,0,0,0,scheduled
debt-8,338,APPEND,167,1,2,4494,scheduled
debt-8,339,RETIRE,167,0,0,0,scheduled
debt-8,340,APPEND,168,1,2,4494,scheduled
debt-8,341,RETIRE,168,0,0,0,scheduled
debt-8,342,APPEND,169,1,2,4494,scheduled
debt-8,343,RETIRE,169,0,0,0,scheduled
debt-8,344,APPEND,170,1,1,5773,scheduled
debt-8,345,APPEND,171,2,3,10267,scheduled
debt-8,346,APPEND,172,3,4,16040,scheduled
debt-8,347,APPEND,173,4,5,21813,scheduled
debt-8,348,APPEND,174,5,6,27586,scheduled
debt-8,349,APPEND,175,6,7,33359,scheduled
debt-8,350,APPEND,176,7,8,39132,scheduled
debt-8,351,APPEND,177,8,9,44905,scheduled
debt-8,352,APPEND,178,9,11,49613,scheduled
debt-8,353,RETIRE,170,8,10,43840,scheduled
debt-8,354,RETIRE,171,7,8,39346,scheduled
debt-8,355,RETIRE,172,6,7,33573,scheduled
debt-8,356,RETIRE,173,5,6,27800,scheduled
debt-8,357,RETIRE,174,4,5,22027,scheduled
debt-8,358,RETIRE,175,3,4,16254,scheduled
debt-8,359,RETIRE,176,2,3,10481,scheduled
debt-8,360,RETIRE,177,1,2,4708,scheduled
debt-8,361,RETIRE,178,0,0,0,scheduled
debt-8,362,APPEND,179,1,2,4708,scheduled
debt-8,363,RETIRE,179,0,0,0,scheduled
debt-8,364,APPEND,180,1,2,4708,scheduled
debt-8,365,RETIRE,180,0,0,0,scheduled
debt-8,366,APPEND,181,1,2,4708,scheduled
debt-8,367,RETIRE,181,0,0,0,scheduled
debt-8,368,APPEND,182,1,1,5733,scheduled
debt-8,369,APPEND,183,2,3,10441,scheduled
debt-8,370,APPEND,184,3,4,16174,scheduled
debt-8,371,APPEND,185,4,6,20669,scheduled
debt-8,372,APPEND,186,5,8,25164,scheduled
debt-8,373,APPEND,187,6,10,29659,scheduled
debt-8,374,APPEND,188,7,11,35392,scheduled
debt-8,375,APPEND,189,8,12,41125,scheduled
debt-8,376,APPEND,190,9,13,46858,scheduled
debt-8,377,RETIRE,182,8,12,41125,scheduled
debt-8,378,RETIRE,183,7,10,36417,scheduled
debt-8,379,RETIRE,184,6,9,30684,scheduled
debt-8,380,RETIRE,185,5,7,26189,scheduled
debt-8,381,RETIRE,186,4,5,21694,scheduled
debt-8,382,RETIRE,187,3,3,17199,scheduled
debt-8,383,RETIRE,188,2,2,11466,scheduled
debt-8,384,RETIRE,189,1,1,5733,scheduled
debt-8,385,RETIRE,190,0,0,0,scheduled
debt-8,386,APPEND,191,1,2,4495,scheduled
debt-8,387,RETIRE,191,0,0,0,scheduled
debt-8,388,APPEND,192,1,2,4495,scheduled
debt-8,389,RETIRE,192,0,0,0,scheduled
debt-8,390,APPEND,193,1,2,4495,scheduled
debt-8,391,RETIRE,193,0,0,0,scheduled
debt-8,392,APPEND,194,1,1,5774,scheduled
debt-8,393,APPEND,195,2,3,10269,scheduled
debt-8,394,APPEND,196,3,4,16043,scheduled
debt-8,395,APPEND,197,4,5,21817,scheduled
debt-8,396,APPEND,198,5,7,26526,scheduled
debt-8,397,APPEND,199,6,8,32300,scheduled
debt-8,398,APPEND,200,7,9,38074,scheduled
debt-8,399,APPEND,201,8,10,43848,scheduled
debt-8,400,APPEND,202,9,11,49622,scheduled
debt-8,401,RETIRE,194,8,10,43848,scheduled
debt-8,402,RETIRE,195,7,8,39353,scheduled
debt-8,403,RETIRE,196,6,7,33579,scheduled
debt-8,404,RETIRE,197,5,6,27805,scheduled
debt-8,405,RETIRE,198,4,4,23096,scheduled
debt-8,406,RETIRE,199,3,3,17322,scheduled
debt-8,407,RETIRE,200,2,2,11548,scheduled
debt-8,408,RETIRE,201,1,1,5774,scheduled
debt-8,409,RETIRE,202,0,0,0,scheduled
debt-8,410,APPEND,203,1,2,4709,scheduled
debt-8,411,RETIRE,203,0,0,0,scheduled
debt-8,412,APPEND,204,1,2,4709,scheduled
debt-8,413,RETIRE,204,0,0,0,scheduled
debt-8,414,APPEND,205,1,2,4709,scheduled
debt-8,415,RETIRE,205,0,0,0,scheduled
debt-8,416,APPEND,206,1,2,4495,scheduled
debt-8,417,APPEND,207,2,4,9204,scheduled
debt-8,418,APPEND,208,3,5,14937,scheduled
debt-8,419,APPEND,209,4,7,19432,scheduled
debt-8,420,APPEND,210,5,8,25165,scheduled
debt-8,421,APPEND,211,6,10,29660,scheduled
debt-8,422,APPEND,212,7,11,35393,scheduled
debt-8,423,APPEND,213,8,12,41126,scheduled
debt-8,424,APPEND,214,9,13,46859,scheduled
debt-8,425,RETIRE,206,8,11,42364,scheduled
debt-8,426,RETIRE,207,7,9,37655,scheduled
debt-8,427,RETIRE,208,6,8,31922,scheduled
debt-8,428,RETIRE,209,5,6,27427,scheduled
debt-8,429,RETIRE,210,4,5,21694,scheduled
debt-8,430,RETIRE,211,3,3,17199,scheduled
debt-8,431,RETIRE,212,2,2,11466,scheduled
debt-8,432,RETIRE,213,1,1,5733,scheduled
debt-8,433,RETIRE,214,0,0,0,scheduled
debt-8,434,APPEND,215,1,2,4495,scheduled
debt-8,435,RETIRE,215,0,0,0,scheduled
debt-8,436,APPEND,216,1,2,4495,scheduled
debt-8,437,RETIRE,216,0,0,0,scheduled
debt-8,438,APPEND,217,1,2,4495,scheduled
debt-8,439,RETIRE,217,0,0,0,scheduled
debt-8,440,APPEND,218,1,1,5774,scheduled
debt-8,441,APPEND,219,2,3,10269,scheduled
debt-8,442,APPEND,220,3,5,14978,scheduled
debt-8,443,APPEND,221,4,6,20752,scheduled
debt-8,444,APPEND,222,5,7,26526,scheduled
debt-8,445,APPEND,223,6,8,32300,scheduled
debt-8,446,APPEND,224,7,9,38074,scheduled
debt-8,447,APPEND,225,8,10,43848,scheduled
debt-8,448,APPEND,226,9,11,49622,scheduled
debt-8,449,RETIRE,218,8,10,43848,scheduled
debt-8,450,RETIRE,219,7,8,39353,scheduled
debt-8,451,RETIRE,220,6,6,34644,scheduled
debt-8,452,RETIRE,221,5,5,28870,scheduled
debt-8,453,RETIRE,222,4,4,23096,scheduled
debt-8,454,RETIRE,223,3,3,17322,scheduled
debt-8,455,RETIRE,224,2,2,11548,scheduled
debt-8,456,RETIRE,225,1,1,5774,scheduled
debt-8,457,RETIRE,226,0,0,0,scheduled
debt-8,458,APPEND,227,1,2,4709,scheduled
debt-8,459,RETIRE,227,0,0,0,scheduled
debt-8,460,APPEND,228,1,2,4709,scheduled
debt-8,461,RETIRE,228,0,0,0,scheduled
debt-8,462,APPEND,229,1,2,4709,scheduled
debt-8,463,RETIRE,229,0,0,0,scheduled
debt-8,464,APPEND,230,1,1,5733,scheduled
debt-8,465,APPEND,231,2,3,10442,scheduled
debt-8,466,APPEND,232,3,5,14937,scheduled
debt-8,467,APPEND,233,4,6,20670,scheduled
debt-8,468,APPEND,234,5,8,25165,scheduled
debt-8,469,APPEND,235,6,10,29660,scheduled
debt-8,470,APPEND,236,7,11,35393,scheduled
debt-8,471,APPEND,237,8,12,41126,scheduled
debt-8,472,APPEND,238,9,13,46859,scheduled
debt-8,473,RETIRE,230,8,12,41126,scheduled
debt-8,474,RETIRE,231,7,10,36417,scheduled
debt-8,475,RETIRE,232,6,8,31922,scheduled
debt-8,476,RETIRE,233,5,7,26189,scheduled
debt-8,477,RETIRE,234,4,5,21694,scheduled
debt-8,478,RETIRE,235,3,3,17199,scheduled
debt-8,479,RETIRE,236,2,2,11466,scheduled
debt-8,480,RETIRE,237,1,1,5733,scheduled
debt-8,481,RETIRE,238,0,0,0,scheduled
debt-8,482,APPEND,239,1,2,4495,scheduled
debt-8,483,RETIRE,239,0,0,0,scheduled
debt-8,484,APPEND,240,1,2,4495,scheduled
debt-8,485,RETIRE,240,0,0,0,scheduled
debt-8,486,APPEND,241,1,2,4495,scheduled
debt-8,487,RETIRE,241,0,0,0,scheduled
debt-8,488,APPEND,242,1,1,5774,scheduled
debt-8,489,APPEND,243,2,3,10269,scheduled
debt-8,490,APPEND,244,3,4,16043,scheduled
debt-8,491,APPEND,245,4,5,21817,scheduled
debt-8,492,APPEND,246,5,6,27591,scheduled
debt-8,493,APPEND,247,6,7,33365,scheduled
debt-8,494,APPEND,248,7,8,39139,scheduled
debt-8,495,APPEND,249,8,9,44913,scheduled
debt-8,496,APPEND,250,9,11,49622,scheduled
debt-8,497,RETIRE,242,8,10,43848,scheduled
debt-8,498,RETIRE,243,7,8,39353,scheduled
debt-8,499,RETIRE,244,6,7,33579,scheduled
debt-8,500,RETIRE,245,5,6,27805,scheduled
debt-8,501,RETIRE,246,4,5,22031,scheduled
debt-8,502,RETIRE,247,3,4,16257,scheduled
debt-8,503,RETIRE,248,2,3,10483,scheduled
debt-8,504,RETIRE,249,1,2,4709,scheduled
debt-8,505,RETIRE,250,0,0,0,scheduled
debt-8,506,APPEND,251,1,2,4709,scheduled
debt-8,507,RETIRE,251,0,0,0,scheduled
debt-8,508,APPEND,252,1,2,4709,scheduled
debt-8,509,RETIRE,252,0,0,0,scheduled
debt-8,510,APPEND,253,1,2,4709,scheduled
debt-8,511,RETIRE,253,0,0,0,scheduled
debt-8,512,APPEND,254,1,2,4495,scheduled
debt-8,513,APPEND,255,2,4,9204,scheduled
debt-8,514,APPEND,256,3,5,14937,scheduled
debt-8,515,APPEND,257,4,6,20670,scheduled
debt-8,516,APPEND,258,5,7,26403,scheduled
debt-8,517,APPEND,259,6,8,32136,scheduled
debt-8,518,APPEND,260,7,10,36631,scheduled
debt-8,519,APPEND,261,8,11,42364,scheduled
debt-8,520,APPEND,262,9,13,46859,scheduled
debt-8,521,RETIRE,254,8,11,42364,scheduled
debt-8,522,RETIRE,255,7,9,37655,scheduled
debt-8,523,RETIRE,256,6,8,31922,scheduled
debt-8,524,RETIRE,257,5,7,26189,scheduled
debt-8,525,RETIRE,258,4,6,20456,scheduled
debt-8,526,RETIRE,259,3,5,14723,scheduled
debt-8,527,RETIRE,260,2,3,10228,scheduled
debt-8,528,RETIRE,261,1,2,4495,scheduled
debt-8,529,RETIRE,262,0,0,0,scheduled
debt-8,530,APPEND,263,1,2,4495,scheduled
debt-8,531,RETIRE,263,0,0,0,scheduled
debt-8,532,APPEND,264,1,2,4495,scheduled
debt-8,533,RETIRE,264,0,0,0,scheduled
debt-8,534,APPEND,265,1,2,4495,scheduled
debt-8,535,RETIRE,265,0,0,0,scheduled
debt-8,536,APPEND,266,1,2,4709,scheduled
debt-8,537,APPEND,267,2,4,9204,scheduled
debt-8,538,APPEND,268,3,5,14978,scheduled
debt-8,539,APPEND,269,4,6,20752,scheduled
debt-8,540,APPEND,270,5,7,26526,scheduled
debt-8,541,APPEND,271,6,8,32300,scheduled
debt-8,542,APPEND,272,7,9,38074,scheduled
debt-8,543,APPEND,273,8,10,43848,scheduled
debt-8,544,APPEND,274,9,11,49622,scheduled
debt-8,545,RETIRE,266,8,9,44913,scheduled
debt-8,546,RETIRE,267,7,7,40418,scheduled
debt-8,547,RETIRE,268,6,6,34644,scheduled
debt-8,548,RETIRE,269,5,5,28870,scheduled
debt-8,549,RETIRE,270,4,4,23096,scheduled
debt-8,550,RETIRE,271,3,3,17322,scheduled
debt-8,551,RETIRE,272,2,2,11548,scheduled
debt-8,552,RETIRE,273,1,1,5774,scheduled
debt-8,553,RETIRE,274,0,0,0,scheduled
debt-8,554,APPEND,275,1,2,4709,scheduled
debt-8,555,RETIRE,275,0,0,0,scheduled
debt-8,556,APPEND,276,1,2,4709,scheduled
debt-8,557,RETIRE,276,0,0,0,scheduled
debt-8,558,APPEND,277,1,2,4709,scheduled
debt-8,559,RETIRE,277,0,0,0,scheduled
debt-8,560,APPEND,278,1,2,4495,scheduled
debt-8,561,APPEND,279,2,4,9204,scheduled
debt-8,562,APPEND,280,3,5,14937,scheduled
debt-8,563,APPEND,281,4,6,20670,scheduled
debt-8,564,APPEND,282,5,7,26403,scheduled
debt-8,565,APPEND,283,6,9,30898,scheduled
debt-8,566,APPEND,284,7,11,35393,scheduled
debt-8,567,APPEND,285,8,12,41126,scheduled
debt-8,568,APPEND,286,9,13,46859,scheduled
debt-8,569,RETIRE,278,8,11,42364,scheduled
debt-8,570,RETIRE,279,7,9,37655,scheduled
debt-8,571,RETIRE,280,6,8,31922,scheduled
debt-8,572,RETIRE,281,5,7,26189,scheduled
debt-8,573,RETIRE,282,4,6,20456,scheduled
debt-8,574,RETIRE,283,3,4,15961,scheduled
debt-8,575,RETIRE,284,2,2,11466,scheduled
debt-8,576,RETIRE,285,1,1,5733,scheduled
debt-8,577,RETIRE,286,0,0,0,scheduled
debt-8,578,APPEND,287,1,2,4495,scheduled
debt-8,579,RETIRE,287,0,0,0,scheduled
debt-8,580,APPEND,288,1,2,4495,scheduled
debt-8,581,RETIRE,288,0,0,0,scheduled
debt-8,582,APPEND,289,1,2,4495,scheduled
debt-8,583,RETIRE,289,0,0,0,scheduled
debt-8,584,APPEND,290,1,1,5774,scheduled
debt-8,585,APPEND,291,2,3,10269,scheduled
debt-8,586,APPEND,292,3,4,16043,scheduled
debt-8,587,APPEND,293,4,5,21817,scheduled
debt-8,588,APPEND,294,5,6,27591,scheduled
debt-8,589,APPEND,295,6,7,33365,scheduled
debt-8,590,APPEND,296,7,8,39139,scheduled
debt-8,591,APPEND,297,8,10,43848,scheduled
debt-8,592,APPEND,298,9,11,49622,scheduled
debt-8,593,RETIRE,290,8,10,43848,scheduled
debt-8,594,RETIRE,291,7,8,39353,scheduled
debt-8,595,RETIRE,292,6,7,33579,scheduled
debt-8,596,RETIRE,293,5,6,27805,scheduled
debt-8,597,RETIRE,294,4,5,22031,scheduled
debt-8,598,RETIRE,295,3,4,16257,scheduled
debt-8,599,RETIRE,296,2,3,10483,scheduled
debt-8,600,RETIRE,297,1,1,5774,scheduled
debt-8,601,RETIRE,298,0,0,0,scheduled
debt-8,602,APPEND,299,1,2,4709,scheduled
debt-8,603,RETIRE,299,0,0,0,scheduled
debt-8,604,APPEND,300,1,2,4709,scheduled
debt-8,605,RETIRE,300,0,0,0,scheduled
debt-8,606,APPEND,301,1,2,4709,scheduled
debt-8,607,RETIRE,301,0,0,0,scheduled
debt-8,608,APPEND,302,1,1,5733,scheduled
debt-8,609,APPEND,303,2,3,10442,scheduled
debt-8,610,APPEND,304,3,4,16175,scheduled
debt-8,611,APPEND,305,4,5,21908,scheduled
debt-8,612,APPEND,306,5,6,27641,scheduled
debt-8,613,APPEND,307,6,8,32136,scheduled
debt-8,614,APPEND,308,7,10,36631,scheduled
debt-8,615,APPEND,309,8,12,41126,scheduled
debt-8,616,APPEND,310,9,13,46859,scheduled
debt-8,617,RETIRE,302,8,12,41126,scheduled
debt-8,618,RETIRE,303,7,10,36417,scheduled
debt-8,619,RETIRE,304,6,9,30684,scheduled
debt-8,620,RETIRE,305,5,8,24951,scheduled
debt-8,621,RETIRE,306,4,7,19218,scheduled
debt-8,622,RETIRE,307,3,5,14723,scheduled
debt-8,623,RETIRE,308,2,3,10228,scheduled
debt-8,624,RETIRE,309,1,1,5733,scheduled
debt-8,625,RETIRE,310,0,0,0,scheduled
debt-8,626,APPEND,311,1,2,4495,scheduled
debt-8,627,RETIRE,311,0,0,0,scheduled
debt-8,628,APPEND,312,1,2,4495,scheduled
debt-8,629,RETIRE,312,0,0,0,scheduled
debt-8,630,APPEND,313,1,2,4495,scheduled
debt-8,631,RETIRE,313,0,0,0,scheduled
debt-8,632,APPEND,314,1,2,4709,scheduled
debt-8,633,APPEND,315,2,4,9204,scheduled
debt-8,634,APPEND,316,3,5,14978,scheduled
debt-8,635,APPEND,317,4,6,20752,scheduled
debt-8,636,APPEND,318,5,7,26526,scheduled
debt-8,637,APPEND,319,6,8,32300,scheduled
debt-8,638,APPEND,320,7,9,38074,scheduled
debt-8,639,APPEND,321,8,10,43848,scheduled
debt-8,640,APPEND,322,9,11,49622,scheduled
debt-8,641,RETIRE,314,8,9,44913,scheduled
debt-8,642,RETIRE,315,7,7,40418,scheduled
debt-8,643,RETIRE,316,6,6,34644,scheduled
debt-8,644,RETIRE,317,5,5,28870,scheduled
debt-8,645,RETIRE,318,4,4,23096,scheduled
debt-8,646,RETIRE,319,3,3,17322,scheduled
debt-8,647,RETIRE,320,2,2,11548,scheduled
debt-8,648,RETIRE,321,1,1,5774,scheduled
debt-8,649,RETIRE,322,0,0,0,scheduled
debt-8,650,APPEND,323,1,2,4709,scheduled
debt-8,651,RETIRE,323,0,0,0,scheduled
debt-8,652,APPEND,324,1,2,4709,scheduled
debt-8,653,RETIRE,324,0,0,0,scheduled
debt-8,654,APPEND,325,1,2,4709,scheduled
debt-8,655,RETIRE,325,0,0,0,scheduled
debt-8,656,APPEND,326,1,2,4495,scheduled
debt-8,657,APPEND,327,2,4,9204,scheduled
debt-8,658,APPEND,328,3,5,14937,scheduled
debt-8,659,APPEND,329,4,6,20670,scheduled
debt-8,660,APPEND,330,5,8,25165,scheduled
debt-8,661,APPEND,331,6,10,29660,scheduled
debt-8,662,APPEND,332,7,11,35393,scheduled
debt-8,663,APPEND,333,8,12,41126,scheduled
debt-8,664,APPEND,334,9,13,46859,scheduled
debt-8,665,RETIRE,326,8,11,42364,scheduled
debt-8,666,RETIRE,327,7,9,37655,scheduled
debt-8,667,RETIRE,328,6,8,31922,scheduled
debt-8,668,RETIRE,329,5,7,26189,scheduled
debt-8,669,RETIRE,330,4,5,21694,scheduled
debt-8,670,RETIRE,331,3,3,17199,scheduled
debt-8,671,RETIRE,332,2,2,11466,scheduled
debt-8,672,RETIRE,333,1,1,5733,scheduled
debt-8,673,RETIRE,334,0,0,0,scheduled
debt-8,674,APPEND,335,1,2,4495,scheduled
debt-8,675,RETIRE,335,0,0,0,scheduled
debt-8,676,APPEND,336,1,2,4495,scheduled
debt-8,677,RETIRE,336,0,0,0,scheduled
debt-8,678,APPEND,337,1,2,4495,scheduled
debt-8,679,RETIRE,337,0,0,0,scheduled
debt-8,680,APPEND,338,1,1,5774,scheduled
debt-8,681,APPEND,339,2,3,10269,scheduled
debt-8,682,APPEND,340,3,4,16043,scheduled
debt-8,683,APPEND,341,4,5,21817,scheduled
debt-8,684,APPEND,342,5,6,27591,scheduled
debt-8,685,APPEND,343,6,7,33365,scheduled
debt-8,686,APPEND,344,7,8,39139,scheduled
debt-8,687,APPEND,345,8,9,44913,scheduled
debt-8,688,APPEND,346,9,11,49622,scheduled
debt-8,689,RETIRE,338,8,10,43848,scheduled
debt-8,690,RETIRE,339,7,8,39353,scheduled
debt-8,691,RETIRE,340,6,7,33579,scheduled
debt-8,692,RETIRE,341,5,6,27805,scheduled
debt-8,693,RETIRE,342,4,5,22031,scheduled
debt-8,694,RETIRE,343,3,4,16257,scheduled
debt-8,695,RETIRE,344,2,3,10483,scheduled
debt-8,696,RETIRE,345,1,2,4709,scheduled
debt-8,697,RETIRE,346,0,0,0,scheduled
debt-8,698,APPEND,347,1,2,4709,scheduled
debt-8,699,RETIRE,347,0,0,0,scheduled
debt-8,700,APPEND,348,1,2,4709,scheduled
debt-8,701,RETIRE,348,0,0,0,scheduled
debt-8,702,APPEND,349,1,2,4709,scheduled
debt-8,703,RETIRE,349,0,0,0,scheduled
debt-8,704,APPEND,350,1,2,4495,scheduled
debt-8,705,APPEND,351,2,4,9204,scheduled
debt-8,706,APPEND,352,3,6,13699,scheduled
debt-8,707,APPEND,353,4,7,19432,scheduled
debt-8,708,APPEND,354,5,8,25165,scheduled
debt-8,709,APPEND,355,6,10,29660,scheduled
debt-8,710,APPEND,356,7,11,35393,scheduled
debt-8,711,APPEND,357,8,12,41126,scheduled
debt-8,712,APPEND,358,9,13,46859,scheduled
debt-8,713,RETIRE,350,8,11,42364,recovery_and_exact_requests
debt-8,714,RETIRE,351,7,9,37655,recovery_and_exact_requests
debt-8,715,RETIRE,352,6,7,33160,recovery_and_exact_requests
debt-8,716,RETIRE,353,5,6,27427,recovery_and_exact_requests
debt-8,717,RETIRE,354,4,5,21694,recovery_and_exact_requests
debt-8,718,RETIRE,355,3,3,17199,recovery_and_exact_requests
debt-8,719,RETIRE,356,2,2,11466,recovery_and_exact_requests
debt-8,720,RETIRE,357,1,1,5733,recovery_and_exact_requests
debt-8,721,RETIRE,358,0,0,0,recovery_and_exact_requests
debt-8,722,APPEND,359,1,2,4495,recovery_and_exact_requests
debt-8,723,RETIRE,359,0,0,0,recovery_and_exact_requests
debt-8,724,APPEND,360,1,2,4495,recovery_and_exact_requests
debt-8,725,RETIRE,360,0,0,0,recovery_and_exact_requests
debt-8,726,APPEND,361,1,2,4495,recovery_and_exact_requests
debt-8,727,RETIRE,361,0,0,0,recovery_and_exact_requests
debt-8,728,APPEND,362,1,2,4495,recovery_and_exact_requests
debt-8,729,RETIRE,362,0,0,0,recovery_and_exact_requests
debt-8,730,APPEND,363,1,2,4495,recovery_and_exact_requests
debt-8,731,RETIRE,363,0,0,0,recovery_and_exact_requests
