endpoint,case,children,descending,page,repeat,rows,entries,instructions,cycles
sql,0,2,false,,0,16,,8769230,20923220
sql,0,2,false,,1,16,,8095713,20796307
dynamic_page,0,2,false,0,0,16,160,21010466,29795675
dynamic_page,0,2,false,0,1,16,160,20462725,29022545
sql,0,2,true,,0,16,,15480252,28293007
sql,0,2,true,,1,16,,14856727,27827365
dynamic_page,0,2,true,0,0,16,160,21035355,29671269
dynamic_page,0,2,true,0,1,16,160,20451002,28940770
sql,0,3,false,,0,8,,8823140,21649283
sql,0,3,false,,1,8,,8072780,20974586
dynamic_page,0,3,false,0,0,8,160,21116659,29671341
dynamic_page,0,3,false,0,1,8,160,20412508,28898629
sql,0,3,true,,0,8,,15602196,28581277
sql,0,3,true,,1,8,,14804445,27942442
dynamic_page,0,3,true,0,0,8,160,21306554,29941956
dynamic_page,0,3,true,0,1,8,160,20594852,29160486
sql,1,2,false,,0,0,,8578485,20618875
sql,1,2,false,,1,0,,7906374,20494934
dynamic_page,1,2,false,0,0,0,160,20502990,29278576
dynamic_page,1,2,false,0,1,0,160,20075660,28543885
sql,1,2,true,,0,0,,15290737,28067466
sql,1,2,true,,1,0,,14441260,27620620
dynamic_page,1,2,true,0,0,0,160,20458950,29166291
dynamic_page,1,2,true,0,1,0,160,20005174,28561963
sql,1,3,false,,0,0,,8760605,21407162
sql,1,3,false,,1,0,,7851209,20739516
dynamic_page,1,3,false,0,0,0,160,20520486,29314796
dynamic_page,1,3,false,0,1,0,160,20092295,28572607
sql,1,3,true,,0,0,,15435834,28233796
sql,1,3,true,,1,0,,14577877,27538798
dynamic_page,1,3,true,0,0,0,160,20686341,29321276
dynamic_page,1,3,true,0,1,0,160,20457656,28935797
sql,2,2,false,,0,16,,8780587,20849414
sql,2,2,false,,1,16,,7910253,20772138
dynamic_page,2,2,false,0,0,16,160,21142275,29769634
dynamic_page,2,2,false,0,1,16,160,20237959,28958461
sql,2,2,true,,0,16,,15311549,28204441
sql,2,2,true,,1,16,,14965168,27774646
dynamic_page,2,2,true,0,0,16,160,20924946,29561595
dynamic_page,2,2,true,0,1,16,160,20205295,28934561
sql,2,3,false,,0,8,,8494732,21556160
sql,2,3,false,,1,8,,7915471,20897052
dynamic_page,2,3,false,0,0,8,160,21131025,29609170
dynamic_page,2,3,false,0,1,8,160,20297423,28863856
sql,2,3,true,,0,8,,15655535,28471803
sql,2,3,true,,1,8,,14596604,27648027
dynamic_page,2,3,true,0,0,8,160,20991679,29784229
dynamic_page,2,3,true,0,1,8,160,20594148,29158717
sql,3,2,false,,0,128,,10052033,22439694
sql,3,2,false,,1,128,,9046132,22293685
dynamic_page,3,2,false,0,0,128,160,24064684,32774940
dynamic_page,3,2,false,0,1,128,160,23420064,31979886
sql,3,2,true,,0,128,,16775415,29814800
sql,3,2,true,,1,128,,16240617,29355629
dynamic_page,3,2,true,0,0,128,160,23858107,32581576
dynamic_page,3,2,true,0,1,128,160,23266342,31998967
sql,3,3,false,,0,128,,10537024,23449054
sql,3,3,false,,1,128,,9627391,22780577
dynamic_page,3,3,false,0,0,128,160,24250363,32978473
dynamic_page,3,3,false,0,1,128,160,23601229,32339259
sql,3,3,true,,0,128,,16986132,30209516
sql,3,3,true,,1,128,,16251116,29555914
dynamic_page,3,3,true,0,0,128,160,24093554,32904387
dynamic_page,3,3,true,0,1,128,160,23523529,32262858
dynamic_page,4,2,false,0,0,7,124,135553329,144278659
dynamic_page,4,2,false,0,1,7,124,135395052,144115495
dynamic_page,4,2,false,1,0,7,41,126680936,136004257
dynamic_page,4,2,false,1,1,7,41,126760250,136003181
dynamic_page,4,2,false,2,0,2,34,60781527,70003163
dynamic_page,4,2,false,2,1,2,34,60781891,70003652
dynamic_page,4,2,true,0,0,7,44,151460384,160116320
dynamic_page,4,2,true,0,1,7,44,151030855,159685319
dynamic_page,4,2,true,1,0,7,121,109696385,118939352
dynamic_page,4,2,true,1,1,7,121,109695986,118938881
dynamic_page,4,2,true,2,0,2,114,50023652,59086079
dynamic_page,4,2,true,2,1,2,114,49854557,59076014
dynamic_page,4,3,false,0,0,7,124,120879673,129537742
dynamic_page,4,3,false,0,1,7,124,120632704,129369739
dynamic_page,4,3,false,1,0,5,37,89881162,99188095
dynamic_page,4,3,false,1,1,5,37,89880997,99187904
dynamic_page,4,3,true,0,0,7,44,151736967,160474902
dynamic_page,4,3,true,0,1,7,44,151425405,160001618
dynamic_page,4,3,true,1,0,5,121,95388163,104534102
dynamic_page,4,3,true,1,1,5,121,95388134,104534074
sql,5,2,false,,0,8,,8338355,20474272
sql,5,2,false,,1,8,,7359634,20367564
dynamic_page,5,2,false,0,0,8,160,20653523,29272258
dynamic_page,5,2,false,0,1,8,160,19940731,28496197
sql,5,2,true,,0,8,,14909408,27865155
sql,5,2,true,,1,8,,14406433,27442258
dynamic_page,5,2,true,0,0,8,160,20567477,29119520
dynamic_page,5,2,true,0,1,8,160,19920636,28482938
sql,5,3,false,,0,8,,8275559,21260419
sql,5,3,false,,1,8,,7560767,20622558
dynamic_page,5,3,false,0,0,8,160,20518338,29317947
dynamic_page,5,3,false,0,1,8,160,19982042,28546973
sql,5,3,true,,0,8,,15241648,28056677
sql,5,3,true,,1,8,,14191211,27324358
dynamic_page,5,3,true,0,0,8,160,20693413,29491258
dynamic_page,5,3,true,0,1,8,160,20265975,28831221
dynamic_page,6,2,false,0,0,7,124,120791758,128877425
dynamic_page,6,2,false,0,1,7,124,120047951,128131584
dynamic_page,6,2,false,1,0,5,37,89513137,98180413
dynamic_page,6,2,false,1,1,5,37,89485567,98149184
dynamic_page,6,2,true,0,0,7,44,150624909,158723637
dynamic_page,6,2,true,0,1,7,44,150208536,158306292
dynamic_page,6,2,true,1,0,5,121,93660601,102327627
dynamic_page,6,2,true,1,1,5,121,93869290,102536672
dynamic_page,6,3,false,0,0,7,124,120285082,128383866
dynamic_page,6,3,false,0,1,7,124,119722448,127821411
dynamic_page,6,3,false,1,0,5,37,89397621,98065653
dynamic_page,6,3,false,1,1,5,37,89398128,98065590
dynamic_page,6,3,true,0,0,7,44,152647582,160745525
dynamic_page,6,3,true,0,1,7,44,152156080,160253782
dynamic_page,6,3,true,1,0,5,121,94343381,103010502
dynamic_page,6,3,true,1,1,5,121,94370966,103037829
