artifact,endpoint,case,children,descending,page,repeat,rows,entries,instructions,cycles
baseline,sql,0,2,false,,0,16,,10579850,22734171
baseline,sql,0,2,false,,1,16,,9639490,22505024
baseline,dynamic_page,0,2,false,0,0,16,160,21514271,30303792
baseline,dynamic_page,0,2,false,0,1,16,160,21048184,29607024
baseline,sql,0,2,true,,0,16,,10438753,23248400
baseline,sql,0,2,true,,1,16,,9862821,22674247
baseline,dynamic_page,0,2,true,0,0,16,160,21734109,30292612
baseline,dynamic_page,0,2,true,0,1,16,160,21157304,29726600
baseline,sql,0,3,false,,0,8,,7128265,19952793
baseline,sql,0,3,false,,1,8,,5988767,19054501
baseline,dynamic_page,0,3,false,0,0,8,160,22016974,30501024
baseline,dynamic_page,0,3,false,0,1,8,160,21273203,29840508
baseline,sql,0,3,true,,0,8,,7048376,19862044
baseline,sql,0,3,true,,1,8,,5917402,18972809
baseline,dynamic_page,0,3,true,0,0,8,160,21601684,30324864
baseline,dynamic_page,0,3,true,0,1,8,160,21236909,29803436
baseline,sql,1,2,false,,0,0,,9376372,21414592
baseline,sql,1,2,false,,1,0,,8427634,21180192
baseline,dynamic_page,1,2,false,0,0,0,160,20985116,29762341
baseline,dynamic_page,1,2,false,0,1,0,160,20828487,29297140
baseline,sql,1,2,true,,0,0,,9276990,21895394
baseline,sql,1,2,true,,1,0,,8447988,21306953
baseline,dynamic_page,1,2,true,0,0,0,160,21387423,29856575
baseline,dynamic_page,1,2,true,0,1,0,160,20673322,29153358
baseline,sql,1,3,false,,0,0,,6832534,19798771
baseline,sql,1,3,false,,1,0,,6082041,18890010
baseline,dynamic_page,1,3,false,0,0,0,160,21477236,30115189
baseline,dynamic_page,1,3,false,0,1,0,160,20923603,29482845
baseline,sql,1,3,true,,0,0,,6751103,19704592
baseline,sql,1,3,true,,1,0,,5768121,18808903
baseline,dynamic_page,1,3,true,0,0,0,160,21209754,29928943
baseline,dynamic_page,1,3,true,0,1,0,160,20938613,29499112
baseline,sql,2,2,false,,0,16,,10674561,22827406
baseline,sql,2,2,false,,1,16,,9734938,22598277
baseline,dynamic_page,2,2,false,0,0,16,160,21387741,30174391
baseline,dynamic_page,2,2,false,0,1,16,160,21064380,29545392
baseline,sql,2,2,true,,0,16,,10493695,23304561
baseline,sql,2,2,true,,1,16,,9763852,22738802
baseline,dynamic_page,2,2,true,0,0,16,160,21435984,30075371
baseline,dynamic_page,2,2,true,0,1,16,160,20978055,29549387
baseline,sql,2,3,false,,0,8,,7042269,19864128
baseline,sql,2,3,false,,1,8,,5745618,18971606
baseline,dynamic_page,2,3,false,0,0,8,160,21720339,30200388
baseline,dynamic_page,2,3,false,0,1,8,160,21237000,29802214
baseline,sql,2,3,true,,0,8,,6808203,19779285
baseline,sql,2,3,true,,1,8,,5739308,18879986
baseline,dynamic_page,2,3,true,0,0,8,160,21306515,30192301
baseline,dynamic_page,2,3,true,0,1,8,160,20972654,29699070
baseline,sql,3,2,false,,0,128,,20970997,33362607
baseline,sql,3,2,false,,1,128,,20202903,33134208
baseline,dynamic_page,3,2,false,0,0,128,160,24205630,33082459
baseline,dynamic_page,3,2,false,0,1,128,160,23673748,32316019
baseline,sql,3,2,true,,0,128,,20844277,33884100
baseline,sql,3,2,true,,1,128,,20078138,33352425
baseline,dynamic_page,3,2,true,0,0,128,160,24076440,32882820
baseline,dynamic_page,3,2,true,0,1,128,160,23654989,32308194
baseline,sql,3,3,false,,0,128,,21705164,34776551
baseline,sql,3,3,false,,1,128,,20709681,33937823
baseline,dynamic_page,3,3,false,0,0,128,160,24889264,33622924
baseline,dynamic_page,3,3,false,0,1,128,160,24418492,33074917
baseline,sql,3,3,true,,0,128,,21642308,34781781
baseline,sql,3,3,true,,1,128,,20735592,33958891
baseline,dynamic_page,3,3,true,0,0,128,160,24926595,33992218
baseline,dynamic_page,3,3,true,0,1,128,160,24023168,33005578
baseline,dynamic_page,4,2,false,0,0,7,124,136071771,144637022
baseline,dynamic_page,4,2,false,0,1,7,124,135382612,144102508
baseline,dynamic_page,4,2,false,1,0,7,41,127194682,136277727
baseline,dynamic_page,4,2,false,1,1,7,41,127114115,136276777
baseline,dynamic_page,4,2,false,2,0,2,34,61119165,70260211
baseline,dynamic_page,4,2,false,2,1,2,34,60949195,70090173
baseline,dynamic_page,4,2,true,0,0,7,44,151843101,160339218
baseline,dynamic_page,4,2,true,0,1,7,44,150979697,159554501
baseline,dynamic_page,4,2,true,1,0,7,121,110331656,119494906
baseline,dynamic_page,4,2,true,1,1,7,121,110160407,119483118
baseline,dynamic_page,4,2,true,2,0,2,114,50292296,59593374
baseline,dynamic_page,4,2,true,2,1,2,114,50293037,59594224
baseline,dynamic_page,4,3,false,0,0,7,124,121788478,130366342
baseline,dynamic_page,4,3,false,0,1,7,124,121515453,129852074
baseline,dynamic_page,4,3,false,1,0,5,37,89844105,98990744
baseline,dynamic_page,4,3,false,1,1,5,37,89923260,98989984
baseline,dynamic_page,4,3,true,0,0,7,44,151321776,159738704
baseline,dynamic_page,4,3,true,0,1,7,44,151245966,159662167
baseline,dynamic_page,4,3,true,1,0,5,121,96088594,105235304
baseline,dynamic_page,4,3,true,1,1,5,121,96088411,105235119
baseline,sql,5,2,false,,0,8,,5711709,17853540
baseline,sql,5,2,false,,1,8,,4573816,17581131
baseline,dynamic_page,5,2,false,0,0,8,160,20757585,29537091
baseline,dynamic_page,5,2,false,0,1,8,160,20362861,28837558
baseline,sql,5,2,true,,0,8,,5376215,18332755
baseline,sql,5,2,true,,1,8,,4720939,17757026
baseline,dynamic_page,5,2,true,0,0,8,160,20535202,29325767
baseline,dynamic_page,5,2,true,0,1,8,160,20355374,28839373
baseline,sql,5,3,false,,0,8,,10742635,23565645
baseline,sql,5,3,false,,1,8,,9561692,22625984
baseline,dynamic_page,5,3,false,0,0,8,160,21230222,29873667
baseline,dynamic_page,5,3,false,0,1,8,160,20784002,29270233
baseline,sql,5,3,true,,0,8,,10803699,23614109
baseline,sql,5,3,true,,1,8,,9483589,22701943
baseline,dynamic_page,5,3,true,0,0,8,160,20754089,29719197
baseline,dynamic_page,5,3,true,0,1,8,160,20553385,29279317
baseline,dynamic_page,6,2,false,0,0,7,124,120960457,129047802
baseline,dynamic_page,6,2,false,0,1,7,124,120384771,128465735
baseline,dynamic_page,6,2,false,1,0,5,37,89549120,98214461
baseline,dynamic_page,6,2,false,1,1,5,37,89563374,98228750
baseline,dynamic_page,6,2,true,0,0,7,44,150537974,158639582
baseline,dynamic_page,6,2,true,0,1,7,44,150483923,158582788
baseline,dynamic_page,6,2,true,1,0,5,121,94313595,102980661
baseline,dynamic_page,6,2,true,1,1,5,121,94314886,102982052
baseline,dynamic_page,6,3,false,0,0,7,124,120528577,128630514
baseline,dynamic_page,6,3,false,0,1,7,124,120189923,128290722
baseline,dynamic_page,6,3,false,1,0,5,37,90061019,98730700
baseline,dynamic_page,6,3,false,1,1,5,37,90225950,98895937
baseline,dynamic_page,6,3,true,0,0,7,44,152646127,160747282
baseline,dynamic_page,6,3,true,0,1,7,44,152300110,160400815
baseline,dynamic_page,6,3,true,1,0,5,121,94838823,103508307
baseline,dynamic_page,6,3,true,1,1,5,121,94757622,103427548
candidate,sql,0,2,false,,0,16,,10580204,22734525
candidate,sql,0,2,false,,1,16,,9639490,22505024
candidate,dynamic_page,0,2,false,0,0,16,16,11176172,19963705
candidate,dynamic_page,0,2,false,0,1,16,16,10463860,19022551
candidate,sql,0,2,true,,0,16,,10625523,23434638
candidate,sql,0,2,true,,1,16,,9849100,22821917
candidate,dynamic_page,0,2,true,0,0,16,16,11317996,19960122
candidate,dynamic_page,0,2,true,0,1,16,16,10623931,19195685
candidate,sql,0,3,false,,0,8,,7451338,20111782
candidate,sql,0,3,false,,1,8,,6232865,19141452
candidate,dynamic_page,0,3,false,0,0,8,8,7597480,16240997
candidate,dynamic_page,0,3,false,0,1,8,8,6723870,15289934
candidate,sql,0,3,true,,0,8,,7052919,20020671
candidate,sql,0,3,true,,1,8,,5747706,18967180
candidate,dynamic_page,0,3,true,0,0,8,8,7502479,16308688
candidate,dynamic_page,0,3,true,0,1,8,8,6338975,15064588
candidate,sql,1,2,false,,0,0,,9376726,21414946
candidate,sql,1,2,false,,1,0,,8427634,21180192
candidate,dynamic_page,1,2,false,0,0,0,0,9149683,17925721
candidate,dynamic_page,1,2,false,0,1,0,0,8433734,16981058
candidate,sql,1,2,true,,0,0,,9153421,22090272
candidate,sql,1,2,true,,1,0,,8442476,21465525
candidate,dynamic_page,1,2,true,0,0,0,0,9416379,17885989
candidate,dynamic_page,1,2,true,0,1,0,0,8657875,17136730
candidate,sql,1,3,false,,0,0,,7295709,19939346
candidate,sql,1,3,false,,1,0,,5848521,18902030
candidate,dynamic_page,1,3,false,0,0,0,8,7180809,15980519
candidate,dynamic_page,1,3,false,0,1,0,8,6473897,15035053
candidate,sql,1,3,true,,0,0,,6897447,19847044
candidate,sql,1,3,true,,1,0,,5592182,18793689
candidate,dynamic_page,1,3,true,0,0,0,8,7311061,16034092
candidate,dynamic_page,1,3,true,0,1,0,8,6086846,14805250
candidate,sql,2,2,false,,0,16,,10674915,22827760
candidate,sql,2,2,false,,1,16,,9734938,22598277
candidate,dynamic_page,2,2,false,0,0,16,16,11273687,20060598
candidate,dynamic_page,2,2,false,0,1,16,16,10639938,19121210
candidate,sql,2,2,true,,0,16,,10502893,23475330
candidate,sql,2,2,true,,1,16,,9858471,22916235
candidate,dynamic_page,2,2,true,0,0,16,16,11218852,20024577
candidate,dynamic_page,2,2,true,0,1,16,16,10793078,19283540
candidate,sql,2,3,false,,0,8,,7040308,20023137
candidate,sql,2,3,false,,1,8,,6071054,19059510
candidate,dynamic_page,2,3,false,0,0,8,8,7669232,16152963
candidate,dynamic_page,2,3,false,0,1,8,8,6620634,15187073
candidate,sql,2,3,true,,0,8,,7294824,20103641
candidate,sql,2,3,true,,1,8,,5656613,18875831
candidate,dynamic_page,2,3,true,0,0,8,8,7328889,16219601
candidate,dynamic_page,2,3,true,0,1,8,8,6260859,14985927
candidate,sql,3,2,false,,0,128,,20971351,33362961
candidate,sql,3,2,false,,1,128,,20202903,33134208
candidate,dynamic_page,3,2,false,0,0,128,128,26967354,35841674
candidate,dynamic_page,3,2,false,0,1,128,128,26151112,34792337
candidate,sql,3,2,true,,0,128,,21015867,34057351
candidate,sql,3,2,true,,1,128,,20195159,33551267
candidate,dynamic_page,3,2,true,0,0,128,128,27024904,35755920
candidate,dynamic_page,3,2,true,0,1,128,128,26336714,34992080
candidate,sql,3,3,false,,0,128,,21798153,34946910
candidate,sql,3,3,false,,1,128,,20892506,34046451
candidate,dynamic_page,3,3,false,0,0,128,128,27724435,36539737
candidate,dynamic_page,3,3,false,0,1,128,128,26974845,35631740
candidate,sql,3,3,true,,0,128,,21858025,35077424
candidate,sql,3,3,true,,1,128,,20744398,33970097
candidate,dynamic_page,3,3,true,0,0,128,128,27557204,36619337
candidate,dynamic_page,3,3,true,0,1,128,128,26670132,35488455
candidate,dynamic_page,4,2,false,0,0,7,12,116890569,125455714
candidate,dynamic_page,4,2,false,0,1,7,12,116162432,124882861
candidate,dynamic_page,4,2,false,1,0,7,9,85509751,94673351
candidate,dynamic_page,4,2,false,1,1,7,9,85428435,94671804
candidate,dynamic_page,4,2,false,2,0,2,2,28529941,37751396
candidate,dynamic_page,4,2,false,2,1,2,2,28529577,37750828
candidate,dynamic_page,4,2,true,0,0,7,12,117196938,125773686
candidate,dynamic_page,4,2,true,0,1,7,12,116771280,125266639
candidate,dynamic_page,4,2,true,1,0,7,9,93852407,102936030
candidate,dynamic_page,4,2,true,1,1,7,9,93691679,102934743
candidate,dynamic_page,4,2,true,2,0,2,2,28766716,37989160
candidate,dynamic_page,4,2,true,2,1,2,2,28749644,38132756
candidate,dynamic_page,4,3,false,0,0,7,12,114386844,123045255
candidate,dynamic_page,4,3,false,0,1,7,12,113606767,122344204
candidate,dynamic_page,4,3,false,1,0,5,5,56058323,65365625
candidate,dynamic_page,4,3,false,1,1,5,5,56058116,65365429
candidate,dynamic_page,4,3,true,0,0,7,12,114469843,123207178
candidate,dynamic_page,4,3,true,0,1,7,12,113754430,122491069
candidate,dynamic_page,4,3,true,1,0,5,5,61918565,71225261
candidate,dynamic_page,4,3,true,1,1,5,5,61916375,71223080
candidate,sql,5,2,false,,0,8,,5712063,17853894
candidate,sql,5,2,false,,1,8,,4573816,17581131
candidate,dynamic_page,5,2,false,0,0,8,8,5918653,14698825
candidate,dynamic_page,5,2,false,0,1,8,8,5286135,13761428
candidate,sql,5,2,true,,0,8,,5783302,18497705
candidate,sql,5,2,true,,1,8,,4870510,17905625
candidate,dynamic_page,5,2,true,0,0,8,8,5979987,14695514
candidate,dynamic_page,5,2,true,0,1,8,8,5349222,13913079
candidate,sql,5,3,false,,0,8,,10738621,23718591
candidate,sql,5,3,false,,1,8,,9722929,22714103
candidate,dynamic_page,5,3,false,0,0,8,8,11065304,19631089
candidate,dynamic_page,5,3,false,0,1,8,8,10132349,18698707
candidate,sql,5,3,true,,0,8,,10945942,23754249
candidate,sql,5,3,true,,1,8,,9405509,22707914
candidate,dynamic_page,5,3,true,0,0,8,8,10918042,19885691
candidate,dynamic_page,5,3,true,0,1,8,8,10040434,18767022
candidate,dynamic_page,6,2,false,0,0,7,12,113345846,121433226
candidate,dynamic_page,6,2,false,0,1,7,12,112510929,120597330
candidate,dynamic_page,6,2,false,1,0,5,5,56311083,64974527
candidate,dynamic_page,6,2,false,1,1,5,5,56432016,65016701
candidate,dynamic_page,6,2,true,0,0,7,12,113466054,121484962
candidate,dynamic_page,6,2,true,0,1,7,12,112858507,120957124
candidate,dynamic_page,6,2,true,1,0,5,5,62293364,70959168
candidate,dynamic_page,6,2,true,1,1,5,5,62325424,70990520
candidate,dynamic_page,6,3,false,0,0,7,12,118571029,126673018
candidate,dynamic_page,6,3,false,0,1,7,12,117722393,125983709
candidate,dynamic_page,6,3,false,1,0,5,5,57770410,66600436
candidate,dynamic_page,6,3,false,1,1,5,5,57794454,66624996
candidate,dynamic_page,6,3,true,0,0,7,12,118719495,126980334
candidate,dynamic_page,6,3,true,0,1,7,12,118081180,126342642
candidate,dynamic_page,6,3,true,1,0,5,5,66148141,74977794
candidate,dynamic_page,6,3,true,1,1,5,5,66202992,75031575
