kind,case,children,descending,repeat,page,rows,entries,instructions,cycles,repeat_instructions,repeat_cycles
sql,0,2,false,0,,16,,10579850,22733190,,
sql,0,2,false,1,,16,,9486152,22508266,,
dynamic_page,0,2,false,,0,16,160,21491402,30277903,21049762,29609930
sql,0,2,true,0,,16,,10453339,23261960,,
sql,0,2,true,1,,16,,9546731,22679162,,
dynamic_page,0,2,true,,0,16,160,21571746,30290346,21211000,29700720
sql,0,3,false,0,,8,,7153836,19975447,,
sql,0,3,false,1,,8,,6091399,19078172,,
dynamic_page,0,3,false,,0,8,160,21856563,30416872,21361298,29847309
sql,0,3,true,0,,8,,6907527,19877684,,
sql,0,3,true,1,,8,,5863834,18996350,,
dynamic_page,0,3,true,,0,8,160,21531357,30250602,21222448,29787710
sql,1,2,false,0,,0,,9376372,21415576,,
sql,1,2,false,1,,0,,8424781,21175588,,
dynamic_page,1,2,false,,0,0,160,21122199,29818964,20746202,29294541
sql,1,2,true,0,,0,,9230467,21927085,,
sql,1,2,true,1,,0,,8371911,21309506,,
dynamic_page,1,2,true,,0,0,160,21070133,29696126,20753792,29311664
sql,1,3,false,0,,0,,7164483,19810032,,
sql,1,3,false,1,,0,,6111367,18917325,,
dynamic_page,1,3,false,,0,0,160,21322862,30118175,20935816,29496192
sql,1,3,true,0,,0,,6758068,19713157,,
sql,1,3,true,1,,0,,5867320,18823737,,
dynamic_page,1,3,true,,0,0,160,21170598,29968171,20954248,29514094
sql,2,2,false,0,,16,,10674561,22826644,,
sql,2,2,false,1,,16,,9735729,22596335,,
dynamic_page,2,2,false,,0,16,160,21565155,30191487,21048601,29528792
sql,2,2,true,0,,16,,10486952,23298376,,
sql,2,2,true,1,,16,,9852509,22744398,,
dynamic_page,2,2,true,,0,16,160,21401103,30042177,21034258,29524068
sql,2,3,false,0,,8,,7051317,19874348,,
sql,2,3,false,1,,8,,6010249,18995954,,
dynamic_page,2,3,false,,0,8,160,21904661,30383910,21104487,29671246
sql,2,3,true,0,,8,,6836326,19806367,,
sql,2,3,true,1,,8,,5674265,18888136,,
dynamic_page,2,3,true,,0,8,160,21317811,30200638,21073313,29800223
sql,3,2,false,0,,128,,20988407,33378586,,
sql,3,2,false,1,,128,,20229033,33160339,,
dynamic_page,3,2,false,,0,128,160,24376253,33091358,23702251,32343397
sql,3,2,true,0,,128,,21052412,33931916,,
sql,3,2,true,1,,128,,20115607,33391276,,
dynamic_page,3,2,true,,0,128,160,23987769,32874788,23760934,32335564
sql,3,3,false,0,,128,,21550221,34778879,,
sql,3,3,false,1,,128,,20990125,33980081,,
dynamic_page,3,3,false,,0,128,160,24903750,33637369,24500839,33078782
sql,3,3,true,0,,128,,21732584,34791492,,
sql,3,3,true,1,,128,,20699834,34008235,,
dynamic_page,3,3,true,,0,128,160,24713371,33526290,24448138,33266242
dynamic_page,4,2,false,,0,7,124,136074750,144639989,135385591,144105475
dynamic_page,4,2,false,,1,7,41,127196712,136279745,127116145,136278795
dynamic_page,4,2,false,,2,2,34,61121111,70262145,60951141,70092107
dynamic_page,4,2,true,,0,7,44,151845141,160341246,150981737,159556529
dynamic_page,4,2,true,,1,7,121,110334625,119497863,110163376,119486075
dynamic_page,4,2,true,,2,2,114,50295181,59596247,50295922,59597097
dynamic_page,4,3,false,,0,7,124,121791457,130369309,121518432,129855041
dynamic_page,4,3,false,,1,5,37,89846087,98992714,89925242,98991954
dynamic_page,4,3,true,,0,7,44,151323816,159740732,151248006,159664195
dynamic_page,4,3,true,,1,5,121,96091563,105238261,96091380,105238076
sql,5,2,false,0,,8,,5711709,17850013,,
sql,5,2,false,1,,8,,4573407,17576083,,
dynamic_page,5,2,false,,0,8,160,20885484,29505279,20436332,28831569
sql,5,2,true,0,,8,,5536448,18331273,,
sql,5,2,true,1,,8,,4878629,17750857,,
dynamic_page,5,2,true,,0,8,160,20752090,29384861,20099518,28822465
sql,5,3,false,0,,8,,10712683,23534332,,
sql,5,3,false,1,,8,,9637912,22624904,,
dynamic_page,5,3,false,,0,8,160,21084166,29883804,20897321,29303288
sql,5,3,true,0,,8,,10810463,23619076,,
sql,5,3,true,1,,8,,9405560,22701874,,
dynamic_page,5,3,true,,0,8,160,20757273,29718897,20505970,29232175
dynamic_page,6,2,false,,0,7,124,120963436,129050769,120387750,128468702
dynamic_page,6,2,false,,1,5,37,89551102,98216431,89565356,98230720
dynamic_page,6,2,true,,0,7,44,150540014,158641610,150485963,158584816
dynamic_page,6,2,true,,1,5,121,94316564,102983618,94317855,102985009
dynamic_page,6,3,false,,0,7,124,120531556,128633481,120192902,128293689
dynamic_page,6,3,false,,1,5,37,90063001,98732670,90227932,98897907
dynamic_page,6,3,true,,0,7,44,152648167,160749310,152302150,160402843
dynamic_page,6,3,true,,1,5,121,94841792,103511264,94760591,103430505
