sample_set,kind,case,children,descending,repeat,page,rows,entries,instructions,cycles
baseline,sql,0,2,false,0,,16,,10579850,22733190
baseline,sql,0,2,false,1,,16,,9486152,22508266
baseline,dynamic_page,0,2,false,0,0,16,160,21491402,30277903
baseline,dynamic_page,0,2,false,1,0,16,160,21049762,29609930
baseline,sql,0,2,true,0,,16,,10453339,23261960
baseline,sql,0,2,true,1,,16,,9546731,22679162
baseline,dynamic_page,0,2,true,0,0,16,160,21571746,30290346
baseline,dynamic_page,0,2,true,1,0,16,160,21211000,29700720
baseline,sql,0,3,false,0,,8,,7153836,19975447
baseline,sql,0,3,false,1,,8,,6091399,19078172
baseline,dynamic_page,0,3,false,0,0,8,160,21856563,30416872
baseline,dynamic_page,0,3,false,1,0,8,160,21361298,29847309
baseline,sql,0,3,true,0,,8,,6907527,19877684
baseline,sql,0,3,true,1,,8,,5863834,18996350
baseline,dynamic_page,0,3,true,0,0,8,160,21531357,30250602
baseline,dynamic_page,0,3,true,1,0,8,160,21222448,29787710
baseline,sql,5,2,false,0,,8,,5711709,17850013
baseline,sql,5,2,false,1,,8,,4573407,17576083
baseline,dynamic_page,5,2,false,0,0,8,160,20885484,29505279
baseline,dynamic_page,5,2,false,1,0,8,160,20436332,28831569
baseline,sql,5,2,true,0,,8,,5536448,18331273
baseline,sql,5,2,true,1,,8,,4878629,17750857
baseline,dynamic_page,5,2,true,0,0,8,160,20752090,29384861
baseline,dynamic_page,5,2,true,1,0,8,160,20099518,28822465
baseline,sql,5,3,false,0,,8,,10712683,23534332
baseline,sql,5,3,false,1,,8,,9637912,22624904
baseline,dynamic_page,5,3,false,0,0,8,160,21084166,29883804
baseline,dynamic_page,5,3,false,1,0,8,160,20897321,29303288
baseline,sql,5,3,true,0,,8,,10810463,23619076
baseline,sql,5,3,true,1,,8,,9405560,22701874
baseline,dynamic_page,5,3,true,0,0,8,160,20757273,29718897
baseline,dynamic_page,5,3,true,1,0,8,160,20505970,29232175
candidate,sql,0,2,false,0,,16,,10579850,22733190
candidate,sql,0,2,false,1,,16,,9486152,22508266
candidate,dynamic_page,0,2,false,0,0,16,160,21488008,30274509
candidate,dynamic_page,0,2,false,1,0,16,160,21046368,29606536
candidate,sql,0,2,true,0,,16,,10453339,23261960
candidate,sql,0,2,true,1,,16,,9546731,22679162
candidate,dynamic_page,0,2,true,0,0,16,160,21568352,30286952
candidate,dynamic_page,0,2,true,1,0,16,160,21207606,29697326
candidate,sql,0,3,false,0,,8,,7138107,19961566
candidate,sql,0,3,false,1,,8,,6063377,19047928
candidate,dynamic_page,0,3,false,0,0,8,160,21868416,30431682
candidate,dynamic_page,0,3,false,1,0,8,160,21424844,29910863
candidate,sql,0,3,true,0,,8,,7057862,19870199
candidate,sql,0,3,true,1,,8,,5919544,18976086
candidate,dynamic_page,0,3,true,0,0,8,160,21502063,30304928
candidate,dynamic_page,0,3,true,1,0,8,160,21345077,29832326
candidate,sql,5,2,false,0,,8,,5711709,17850013
candidate,sql,5,2,false,1,,8,,4573407,17576083
candidate,dynamic_page,5,2,false,0,0,8,160,20882090,29501885
candidate,dynamic_page,5,2,false,1,0,8,160,20432938,28828175
candidate,sql,5,2,true,0,,8,,5536448,18331273
candidate,sql,5,2,true,1,,8,,4878629,17750857
candidate,dynamic_page,5,2,true,0,0,8,160,20748696,29381467
candidate,dynamic_page,5,2,true,1,0,8,160,20096124,28819071
candidate,sql,5,3,false,0,,8,,10712683,23534332
candidate,sql,5,3,false,1,,8,,9637912,22624904
candidate,dynamic_page,5,3,false,0,0,8,160,21080772,29880410
candidate,dynamic_page,5,3,false,1,0,8,160,20893927,29299894
candidate,sql,5,3,true,0,,8,,10810463,23619076
candidate,sql,5,3,true,1,,8,,9405560,22701874
candidate,dynamic_page,5,3,true,0,0,8,160,20753879,29715503
candidate,dynamic_page,5,3,true,1,0,8,160,20502576,29228781
candidate_repeat,sql,0,2,false,0,,16,,10579850,22733190
candidate_repeat,sql,0,2,false,1,,16,,9486152,22508266
candidate_repeat,dynamic_page,0,2,false,0,0,16,160,21488008,30274509
candidate_repeat,dynamic_page,0,2,false,1,0,16,160,21046368,29606536
candidate_repeat,sql,0,2,true,0,,16,,10453339,23261960
candidate_repeat,sql,0,2,true,1,,16,,9546731,22679162
candidate_repeat,dynamic_page,0,2,true,0,0,16,160,21568352,30286952
candidate_repeat,dynamic_page,0,2,true,1,0,16,160,21207606,29697326
candidate_repeat,sql,0,3,false,0,,8,,7138107,19961566
candidate_repeat,sql,0,3,false,1,,8,,6063377,19047928
candidate_repeat,dynamic_page,0,3,false,0,0,8,160,21868416,30431682
candidate_repeat,dynamic_page,0,3,false,1,0,8,160,21424844,29910863
candidate_repeat,sql,0,3,true,0,,8,,7057862,19870199
candidate_repeat,sql,0,3,true,1,,8,,5919544,18976086
candidate_repeat,dynamic_page,0,3,true,0,0,8,160,21502063,30304928
candidate_repeat,dynamic_page,0,3,true,1,0,8,160,21345077,29832326
candidate_repeat,sql,5,2,false,0,,8,,5711709,17850013
candidate_repeat,sql,5,2,false,1,,8,,4573407,17576083
candidate_repeat,dynamic_page,5,2,false,0,0,8,160,20882090,29501885
candidate_repeat,dynamic_page,5,2,false,1,0,8,160,20432938,28828175
candidate_repeat,sql,5,2,true,0,,8,,5536448,18331273
candidate_repeat,sql,5,2,true,1,,8,,4878629,17750857
candidate_repeat,dynamic_page,5,2,true,0,0,8,160,20748696,29381467
candidate_repeat,dynamic_page,5,2,true,1,0,8,160,20096124,28819071
candidate_repeat,sql,5,3,false,0,,8,,10712683,23534332
candidate_repeat,sql,5,3,false,1,,8,,9637912,22624904
candidate_repeat,dynamic_page,5,3,false,0,0,8,160,21080772,29880410
candidate_repeat,dynamic_page,5,3,false,1,0,8,160,20893927,29299894
candidate_repeat,sql,5,3,true,0,,8,,10810463,23619076
candidate_repeat,sql,5,3,true,1,,8,,9405560,22701874
candidate_repeat,dynamic_page,5,3,true,0,0,8,160,20753879,29715503
candidate_repeat,dynamic_page,5,3,true,1,0,8,160,20502576,29228781
